{
    "name": "root",
    "gauges": {
        "MarbleMaze.Policy.Entropy.mean": {
            "value": 1.3191126585006714,
            "min": 1.3191126585006714,
            "max": 1.4228490591049194,
            "count": 71
        },
        "MarbleMaze.Policy.Entropy.sum": {
            "value": 65871.2109375,
            "min": 65807.75,
            "max": 71762.5625,
            "count": 71
        },
        "MarbleMaze.Step.mean": {
            "value": 3549915.0,
            "min": 49920.0,
            "max": 3549915.0,
            "count": 71
        },
        "MarbleMaze.Step.sum": {
            "value": 3549915.0,
            "min": 49920.0,
            "max": 3549915.0,
            "count": 71
        },
        "MarbleMaze.Policy.ExtrinsicValueEstimate.mean": {
            "value": 16.93765640258789,
            "min": -13.292980194091797,
            "max": 17.394987106323242,
            "count": 71
        },
        "MarbleMaze.Policy.ExtrinsicValueEstimate.sum": {
            "value": 9756.08984375,
            "min": -5303.89892578125,
            "max": 9967.328125,
            "count": 71
        },
        "MarbleMaze.Environment.EpisodeLength.mean": {
            "value": 96.763671875,
            "min": 88.17321428571428,
            "max": 499.0,
            "count": 71
        },
        "MarbleMaze.Environment.EpisodeLength.sum": {
            "value": 49543.0,
            "min": 47904.0,
            "max": 55888.0,
            "count": 71
        },
        "MarbleMaze.Environment.CumulativeReward.mean": {
            "value": 29.990223120992596,
            "min": 0.02216494488577867,
            "max": 29.991083787168776,
            "count": 71
        },
        "MarbleMaze.Environment.CumulativeReward.sum": {
            "value": 15354.994237948209,
            "min": 2.1499996539205313,
            "max": 16795.006920814514,
            "count": 71
        },
        "MarbleMaze.Policy.ExtrinsicReward.mean": {
            "value": 29.990223120992596,
            "min": 0.02216494488577867,
            "max": 29.991083787168776,
            "count": 71
        },
        "MarbleMaze.Policy.ExtrinsicReward.sum": {
            "value": 15354.994237948209,
            "min": 2.1499996539205313,
            "max": 16795.006920814514,
            "count": 71
        },
        "MarbleMaze.Losses.PolicyLoss.mean": {
            "value": 0.03280242960123966,
            "min": 0.030565414297650903,
            "max": 0.03780982188367542,
            "count": 71
        },
        "MarbleMaze.Losses.PolicyLoss.sum": {
            "value": 0.16401214800619832,
            "min": 0.12226165719060361,
            "max": 0.18904910941837708,
            "count": 71
        },
        "MarbleMaze.Losses.ValueLoss.mean": {
            "value": 0.7830662037928899,
            "min": 0.0007272814203305103,
            "max": 4.632247045834859,
            "count": 71
        },
        "MarbleMaze.Losses.ValueLoss.sum": {
            "value": 3.9153310189644497,
            "min": 0.002909125681322041,
            "max": 23.161235229174295,
            "count": 71
        },
        "MarbleMaze.Policy.LearningRate.mean": {
            "value": 0.000167652059115995,
            "min": 0.000167652059115995,
            "max": 0.00029887320037559997,
            "count": 71
        },
        "MarbleMaze.Policy.LearningRate.sum": {
            "value": 0.000838260295579975,
            "min": 0.0007238489712170625,
            "max": 0.0014392392202536,
            "count": 71
        },
        "MarbleMaze.Policy.Epsilon.mean": {
            "value": 0.15588400499999996,
            "min": 0.15588400499999996,
            "max": 0.19962440000000004,
            "count": 71
        },
        "MarbleMaze.Policy.Epsilon.sum": {
            "value": 0.7794200249999998,
            "min": 0.6412829375000001,
            "max": 0.9797464,
            "count": 71
        },
        "MarbleMaze.Policy.Beta.mean": {
            "value": 0.005592812099499999,
            "min": 0.005592812099499999,
            "max": 0.009962477559999999,
            "count": 71
        },
        "MarbleMaze.Policy.Beta.sum": {
            "value": 0.0279640604975,
            "min": 0.024144165456250002,
            "max": 0.04797666536,
            "count": 71
        },
        "MarbleMaze.IsTraining.mean": {
            "value": 1.0,
            "min": 1.0,
            "max": 1.0,
            "count": 71
        },
        "MarbleMaze.IsTraining.sum": {
            "value": 1.0,
            "min": 1.0,
            "max": 1.0,
            "count": 71
        }
    },
    "metadata": {
        "timer_format_version": "0.1.0",
        "start_time_seconds": "1748284117",
        "python_version": "3.10.12 | packaged by Anaconda, Inc. | (main, Jul  5 2023, 19:01:18) [MSC v.1916 64 bit (AMD64)]",
        "command_line_arguments": "C:\\Users\\Borko\\miniconda3\\envs\\mlagents\\Scripts\\mlagents-learn config\\ppo\\MarbleMaze.yaml --run-id=ppoTrueRun2 --force",
        "mlagents_version": "1.1.0",
        "mlagents_envs_version": "1.1.0",
        "communication_protocol_version": "1.5.0",
        "pytorch_version": "2.2.2+cu121",
        "numpy_version": "1.23.5",
        "end_time_seconds": "1748289525"
    },
    "total": 5408.303797199998,
    "count": 1,
    "self": 0.007228899998153793,
    "children": {
        "run_training.setup": {
            "total": 0.09285069999896223,
            "count": 1,
            "self": 0.09285069999896223
        },
        "TrainerController.start_learning": {
            "total": 5408.203717600001,
            "count": 1,
            "self": 4.569780098881893,
            "children": {
                "TrainerController._reset_env": {
                    "total": 14.863652100000763,
                    "count": 1,
                    "self": 14.863652100000763
                },
                "TrainerController.advance": {
                    "total": 5388.591585601116,
                    "count": 233269,
                    "self": 4.031064400864125,
                    "children": {
                        "env_step": {
                            "total": 4257.6004064996305,
                            "count": 233269,
                            "self": 3772.730488800633,
                            "children": {
                                "SubprocessEnvManager._take_step": {
                                    "total": 481.66483370057176,
                                    "count": 233269,
                                    "self": 16.84144410118097,
                                    "children": {
                                        "TorchPolicy.evaluate": {
                                            "total": 464.8233895993908,
                                            "count": 223724,
                                            "self": 464.8233895993908
                                        }
                                    }
                                },
                                "workers": {
                                    "total": 3.2050839984258346,
                                    "count": 233268,
                                    "self": 0.0,
                                    "children": {
                                        "worker_root": {
                                            "total": 5326.172109300369,
                                            "count": 233268,
                                            "is_parallel": true,
                                            "self": 1930.2429387002085,
                                            "children": {
                                                "steps_from_proto": {
                                                    "total": 0.000870699997904012,
                                                    "count": 1,
                                                    "is_parallel": true,