{
    "name": "root",
    "gauges": {
        "MarbleMaze.Policy.Entropy.mean": {
            "value": 1.451830506324768,
            "min": 1.4118911027908325,
            "max": 1.451830506324768,
            "count": 47
        },
        "MarbleMaze.Policy.Entropy.sum": {
            "value": 72661.2109375,
            "min": 70597.5,
            "max": 72661.2109375,
            "count": 47
        },
        "MarbleMaze.Step.mean": {
            "value": 2349888.0,
            "min": 49920.0,
            "max": 2349888.0,
            "count": 47
        },
        "MarbleMaze.Step.sum": {
            "value": 2349888.0,
            "min": 49920.0,
            "max": 2349888.0,
            "count": 47
        },
        "MarbleMaze.Policy.ExtrinsicValueEstimate.mean": {
            "value": -0.016721270978450775,
            "min": -4.179409027099609,
            "max": 0.19056667387485504,
            "count": 47
        },
        "MarbleMaze.Policy.ExtrinsicValueEstimate.sum": {
            "value": -6.671787261962891,
            "min": -1667.584228515625,
            "max": 76.03610229492188,
            "count": 47
        },
        "MarbleMaze.Environment.EpisodeLength.mean": {
            "value": 499.0,
            "min": 499.0,
            "max": 499.0,
            "count": 47
        },
        "MarbleMaze.Environment.EpisodeLength.sum": {
            "value": 47904.0,
            "min": 47904.0,
            "max": 55888.0,
            "count": 47
        },
        "MarbleMaze.Environment.CumulativeReward.mean": {
            "value": 0.9499997925013304,
            "min": -0.049999987706542015,
            "max": 0.9499997937302921,
            "count": 47
        },
        "MarbleMaze.Environment.CumulativeReward.sum": {
            "value": 91.19998008012772,
            "min": -4.7999988198280334,
            "max": 105.44997696764767,
            "count": 47
        },
        "MarbleMaze.Policy.ExtrinsicReward.mean": {
            "value": 0.9499997925013304,
            "min": -0.049999987706542015,
            "max": 0.9499997937302921,
            "count": 47
        },
        "MarbleMaze.Policy.ExtrinsicReward.sum": {
            "value": 91.19998008012772,
            "min": -4.7999988198280334,
            "max": 105.44997696764767,
            "count": 47
        },
        "MarbleMaze.Losses.PolicyLoss.mean": {
            "value": 0.02539156088309865,
            "min": 0.021927688377983277,
            "max": 0.028818725408720117,
            "count": 47
        },
        "MarbleMaze.Losses.PolicyLoss.sum": {
            "value": 0.0507831217661973,
            "min": 0.043855376755966555,
            "max": 0.07744888863008884,
            "count": 47
        },
        "MarbleMaze.Losses.ValueLoss.mean": {
            "value": 0.0006311634328633931,
            "min": 0.0005219383861268402,
            "max": 2.1188557282799767,
            "count": 47
        },
        "MarbleMaze.Losses.ValueLoss.sum": {
            "value": 0.0012623268657267863,
            "min": 0.0010914555905545721,
            "max": 4.237711456559953,
            "count": 47
        },
        "MarbleMaze.Policy.LearningRate.mean": {
            "value": 0.00021295802901399993,
            "min": 0.00021295802901399993,
            "max": 0.000298758000414,
            "count": 47
        },
        "MarbleMaze.Policy.LearningRate.sum": {
            "value": 0.00042591605802799986,
            "min": 0.00042591605802799986,
            "max": 0.0008801928066024001,
            "count": 47
        },
        "MarbleMaze.Policy.Epsilon.mean": {
            "value": 0.17098600000000003,
            "min": 0.17098600000000003,
            "max": 0.19958600000000004,
            "count": 47
        },
        "MarbleMaze.Policy.Epsilon.sum": {
            "value": 0.34197200000000005,
            "min": 0.34197200000000005,
            "max": 0.5933976,
            "count": 47
        },
        "MarbleMaze.Policy.Beta.mean": {
            "value": 0.007101501400000003,
            "min": 0.007101501400000003,
            "max": 0.009958641400000003,
            "count": 47
        },
        "MarbleMaze.Policy.Beta.sum": {
            "value": 0.014203002800000007,
            "min": 0.014203002800000007,
            "max": 0.029340420239999995,
            "count": 47
        },
        "MarbleMaze.IsTraining.mean": {
            "value": 1.0,
            "min": 1.0,
            "max": 1.0,
            "count": 47
        },
        "MarbleMaze.IsTraining.sum": {
            "value": 1.0,
            "min": 1.0,
            "max": 1.0,
            "count": 47
        }
    },
    "metadata": {
        "timer_format_version": "0.1.0",
        "start_time_seconds": "1748459324",
        "python_version": "3.10.12 | packaged by Anaconda, Inc. | (main, Jul  5 2023, 19:01:18) [MSC v.1916 64 bit (AMD64)]",
        "command_line_arguments": "C:\\Users\\Borko\\miniconda3\\envs\\mlagents\\Scripts\\mlagents-learn config/ppo/MarbleMaze.yaml --run-id=sacRun3 --force",
        "mlagents_version": "1.1.0",
        "mlagents_envs_version": "1.1.0",
        "communication_protocol_version": "1.5.0",
        "pytorch_version": "2.2.2+cu121",
        "numpy_version": "1.23.5",
        "end_time_seconds": "1748462575"
    },
    "total": 3251.6109874999966,
    "count": 1,
    "self": 0.007038499999907799,
    "children": {
        "run_training.setup": {
            "total": 0.10057450000022072,
            "count": 1,
            "self": 0.10057450000022072
        },
        "TrainerController.start_learning": {
            "total": 3251.5033744999964,
            "count": 1,
            "self": 2.8902502008204465,
            "children": {
                "TrainerController._reset_env": {
                    "total": 10.409231600002386,
                    "count": 1,
                    "self": 10.409231600002386
                },
                "TrainerController.advance": {
                    "total": 3238.0642626991685,
                    "count": 149702,
                    "self": 2.6231465993623715,
                    "children": {
                        "env_step": {
                            "total": 2560.4155337982374,
                            "count": 149702,
                            "self": 2246.3403990977313,
                            "children": {
                                "SubprocessEnvManager._take_step": {
                                    "total": 312.0835232991594,
                                    "count": 149702,
                                    "self": 12.390443299867911,
                                    "children": {
                                        "TorchPolicy.evaluate": {
                                            "total": 299.6930799992915,
                                            "count": 149702,
                                            "self": 299.6930799992915
                                        }
                                    }
                                },
                                "workers": {
                                    "total": 1.991611401346745,
                                    "count": 149701,
                                    "self": 0.0,
                                    "children": {
                                        "worker_root": {
                                            "total": 3176.1681508993715,
                                            "count": 149701,
                                            "is_parallel": true,
                                            "self": 1196.9331149986683,
                                            "children": {
                                                "steps_from_proto": {
                                                    "total": 0.001269300002604723,
                                                    "count": 1,